name;email;borndate;createdate;saldo;notelp;alamat
Tiger W. Williamson;non.leo@molestie.edu;13/06/2013;23/02/2021;3614500;62 61 012 4403;5913 Montes, Street
Cheyenne I. Rojas;diam.at@mollisPhaselluslibero.net;08/11/2002;18/03/2021;5359200;62 99 821 3047;Ap #926-1410 Nisi Ave
Sheila F. Bowers;mollis.Integer@liberoet.co.uk;12/12/2020;01/10/2019;472600;62 41 158 2257;P.O. Box 252, 6867 Tincidunt Av.
Tanner M. Larson;neque.sed@commodo.edu;21/10/1992;21/04/2021;7029400;62 98 073 3734;P.O. Box 906, 5555 Interdum Rd.
Imani E. Allison;ornare@eu.ca;30/09/2004;03/04/2020;6375400;62 79 368 0272;235-6857 Nec Rd.
Plato N. Olsen;consectetuer@loremac.edu;08/02/1999;24/04/2020;4025700;62 92 131 3502;228 Aenean Ave
Gemma X. Caldwell;dignissim.lacus.Aliquam@aliquetmolestietellus.com;23/04/2000;18/01/2021;0;62 61 427 2081;493-1592 Et Road
Reece L. Haley;risus.quis.diam@Integer.ca;20/12/2021;02/01/2021;3504100;62 62 059 0865;2820 Sed, Road
Noble D. House;Maecenas@non.org;15/01/1977;09/02/2021;5512400;62 71 088 1358;P.O. Box 773, 8525 Et, Street
Emerson J. Marshall;dui@laciniamattisInteger.com;01/08/2022;10/09/2020;2390600;62 46 882 3541;Ap #141-3987 Gravida Road
Yvonne B. George;Quisque@sapienimperdietornare.org;04/10/1989;17/03/2021;0;62 11 649 7800;6022 Lacus. Avenue
Sydnee G. Hess;hendrerit.Donec@Inmipede.org;04/07/1983;12/11/2020;3894500;62 32 003 4212;2372 Tellus. Av.
Lars L. Stephens;vehicula.aliquet@felisDonectempor.net;06/03/1994;15/08/2020;5011800;62 88 225 4426;Ap #894-6278 Aliquam Rd.
Catherine J. Lopez;nec@bibendumDonecfelis.ca;14/09/1997;19/11/2020;4103300;62 32 701 2232;P.O. Box 349, 343 Feugiat St.
May Q. Kline;pharetra@inhendreritconsectetuer.ca;11/04/1986;10/12/2019;1474300;62 52 100 6030;P.O. Box 786, 8056 Arcu. Street
Melvin S. Christensen;ut.odio.vel@etcommodoat.com;26/02/2017;24/12/2019;9910500;62 21 393 4528;648-1446 Ut Av.
Ezra U. Webb;purus@atsemmolestie.com;17/10/2010;18/11/2020;4645100;62 93 520 0831;725-3649 Scelerisque, Rd.
Leandra P. Ashley;nec@a.ca;12/11/1983;15/04/2021;3625400;62 78 161 3052;3759 Nulla Av.
McKenzie V. Obrien;risus.Duis.a@elitAliquamauctor.ca;20/02/2019;07/01/2020;0;62 15 706 1028;Ap #321-1534 Cursus St.
Kibo K. Richmond;Mauris.non@nisinibhlacinia.co.uk;08/03/2002;10/02/2020;9149700;62 82 337 3665;100-8826 Elit. Street
Libby V. Lawson;tristique@nonummy.ca;27/08/1981;15/04/2021;5585000;62 20 032 3538;122-1620 Pellentesque St.
Ross D. Callahan;diam@interdum.edu;01/11/2020;22/09/2020;4414500;62 25 337 6922;P.O. Box 109, 3785 Vitae, Ave
Kylan H. Lawrence;arcu.eu@magnanecquam.com;10/12/1999;21/01/2020;4685500;62 70 728 7576;3854 Cursus Rd.
Ryan A. Garner;penatibus.et.magnis@Etiamlaoreetlibero.co.uk;04/02/1983;20/04/2021;4437300;62 34 341 7843;165 Nonummy Road
Graham S. Baird;laoreet.posuere.enim@Donec.edu;12/02/2020;01/03/2020;0;62 95 233 8256;469-3129 Pharetra Street
Audrey L. Hale;lorem.tristique.aliquet@acturpis.edu;06/04/1987;30/12/2020;2685300;62 44 541 6574;P.O. Box 900, 6102 Proin Avenue
Ethan U. Avila;risus.Donec.nibh@gravida.net;06/06/1986;27/09/2020;0;62 51 010 6267;Ap #500-4429 Adipiscing Rd.
Chiquita S. Huber;est@quam.org;29/11/2021;27/10/2020;0;62 96 979 8331;Ap #790-2565 A, St.
Mira Q. Meadows;ridiculus.mus@eros.com;13/01/1985;26/10/2020;83000;62 83 330 0875;6795 Consectetuer Ave
Ezekiel J. Tanner;congue.In.scelerisque@lacusCras.com;29/11/2011;11/05/2020;3438600;62 99 989 7913;Ap #921-6702 Risus. Rd.
Paloma E. Colon;lacinia@magna.co.uk;23/11/1977;27/03/2020;6918600;62 41 094 2684;999-5222 Enim, Ave
Kylie T. Ramsey;erat@ipsumdolorsit.ca;27/03/2005;20/10/2019;9230000;62 59 208 1088;3439 Montes, St.
Anthony V. Simon;pharetra.sed@etipsumcursus.ca;30/12/2016;24/01/2020;4873400;62 96 082 7522;982-7182 Tempus, Ave
Lacy X. Wilkinson;dolor@indolor.co.uk;09/09/1990;21/02/2021;0;62 43 244 8981;P.O. Box 248, 4135 Phasellus Rd.
Bernard G. Kelly;in@sit.co.uk;22/11/1980;09/03/2021;3510100;62 22 279 2812;4408 Felis Rd.
Charles P. Gilliam;Vivamus@ornare.co.uk;24/08/2018;18/04/2020;6686900;62 19 682 2965;328-9777 Luctus. Ave
Rafael E. Lyons;Suspendisse.commodo.tincidunt@urnaUttincidunt.net;16/01/2015;17/12/2020;4548400;62 79 895 8176;P.O. Box 165, 5652 Arcu. Street
Dakota C. Burch;nec.ante.blandit@purus.com;09/02/2012;12/03/2020;7416300;62 28 330 0058;413-3412 Cras Road
Jana Y. Nguyen;Integer.aliquam@orciquis.org;23/01/2017;04/07/2020;2206600;62 82 555 2036;Ap #314-8936 Molestie St.
Dane O. Mcleod;Aliquam.nec@facilisisegetipsum.ca;16/09/2006;27/11/2019;572100;62 97 934 3528;P.O. Box 844, 6078 Eu Ave
Honorato T. Barrera;quis.arcu.vel@lacusEtiambibendum.ca;26/07/2010;17/04/2020;0;62 41 005 6524;Ap #786-3169 Sagittis St.
Wylie E. Sellers;Suspendisse.eleifend.Cras@atliberoMorbi.edu;03/07/2014;10/05/2020;9505300;62 30 817 4474;774-714 Pede Road
Quentin T. Riley;arcu.Curabitur.ut@aliquet.ca;25/04/1984;01/03/2021;5256800;62 29 629 1598;9046 Adipiscing. Av.
Yuri I. Barnes;cursus.Nunc.mauris@Suspendissealiquet.org;20/10/2012;15/03/2021;9678900;62 22 094 5641;384-441 Ullamcorper, St.
Bevis K. Irwin;elit.elit@urnaNullamlobortis.com;29/04/2005;02/04/2021;9636600;62 68 931 0030;P.O. Box 749, 2231 Adipiscing, Rd.
Jolie D. Pratt;nec@euismod.net;17/11/1984;03/01/2021;2094500;62 42 376 0014;3749 Orci. Avenue
Robert D. Middleton;id@facilisisnonbibendum.ca;02/01/1977;07/12/2019;0;62 26 650 6741;Ap #486-9256 Iaculis Av.
Chantale I. Black;Suspendisse.tristique.neque@mollis.org;17/09/2000;25/01/2021;7115000;62 12 331 8666;Ap #971-726 Libero. Street
Elijah N. Skinner;Nunc.mauris@In.net;20/06/1982;30/12/2020;4067200;62 93 305 4910;P.O. Box 159, 5186 Ante Rd.
Steven E. Wall;elit.Etiam@Aliquam.org;08/11/2018;22/01/2021;7212800;62 56 663 3356;8132 Nulla. Rd.
Chastity Z. Crosby;imperdiet.ornare.In@dolor.org;13/03/2022;14/11/2020;3389800;62 62 882 2721;2650 Pellentesque. Rd.
Gisela W. Cruz;ipsum.Curabitur@Proinegetodio.org;25/09/1985;02/08/2020;2806300;62 28 136 9986;P.O. Box 997, 6503 Elit. St.
Karyn L. Livingston;metus.sit@eterosProin.net;27/06/1989;20/02/2020;0;62 76 860 2596;Ap #886-2771 Id Road
Karyn P. Sexton;purus.in.molestie@sit.com;16/02/1986;03/02/2021;3648700;62 52 956 8897;272-9834 Egestas. Avenue
Glenna E. Knowles;non.hendrerit@erosProin.co.uk;27/03/2010;11/04/2020;3757900;62 31 868 9055;1495 Enim, Street
Sybill X. Shelton;purus.mauris@placerataugue.org;30/08/1982;26/01/2021;5793000;62 84 702 6227;Ap #943-8585 Tortor Road
Zeph J. Mullen;erat@at.edu;09/09/1993;14/06/2020;9490800;62 85 819 4577;1700 Phasellus Street
Brianna C. Haley;cursus.purus@temporerat.com;13/12/2018;16/09/2020;2255400;62 48 530 9170;2196 Justo Road
Alfonso A. Castaneda;nec.imperdiet@feugiat.edu;12/08/2004;02/11/2019;513400;62 11 332 5787;669-1950 Egestas Street
Deacon A. Johnston;aliquam.eu@Duis.ca;08/08/2022;06/09/2020;6037200;62 83 557 9858;P.O. Box 635, 667 Ipsum Rd.
Ralph M. Monroe;Nullam.enim@Nullasemper.co.uk;26/10/2005;03/08/2020;0;62 45 372 4737;P.O. Box 919, 7599 In, Ave
Sopoline C. Yates;morbi.tristique@necluctusfelis.net;01/07/1988;10/02/2021;7665200;62 46 137 2070;P.O. Box 334, 518 Sit St.
Ross N. Combs;ornare@cursusNunc.co.uk;26/09/1999;10/01/2020;0;62 66 834 0219;P.O. Box 431, 663 Nisi. Road
Arsenio A. Barnes;dictum@ultricesaauctor.edu;28/11/1977;18/02/2021;5064800;62 53 809 9309;Ap #510-7955 Ac Rd.
Gretchen N. Rivas;Morbi.neque@risusodioauctor.org;04/04/2014;14/02/2021;1595800;62 36 587 7707;P.O. Box 428, 8361 Etiam Road
Conan P. Maldonado;molestie.dapibus.ligula@nisiCum.ca;23/06/1993;12/12/2019;2711800;62 79 767 8105;Ap #177-8015 Parturient Rd.
Garrison Z. Le;mauris@vitae.org;16/04/1998;12/02/2021;1159200;62 11 843 1823;6089 Congue Road
Adara A. Sanford;risus.odio.auctor@Etiamlaoreet.com;23/05/2009;07/11/2019;0;62 93 439 1421;P.O. Box 300, 6886 Magna. Rd.
Dorothy D. Reynolds;mauris.blandit.mattis@mienim.com;04/04/1984;16/09/2020;2747200;62 43 196 3897;761-7840 Adipiscing Rd.
Ralph U. Aguirre;Nunc.mauris@vitaeorciPhasellus.com;13/11/2006;14/05/2020;3873900;62 13 907 6022;P.O. Box 350, 9617 Vestibulum. Ave
Daphne J. Berger;semper.cursus.Integer@Sednullaante.co.uk;17/10/1991;26/11/2020;4948100;62 49 414 0559;458-1299 Sapien. Road
Finn U. Spears;dolor.Donec.fringilla@pharetraNamac.net;03/08/1981;24/12/2019;7206300;62 30 817 4591;P.O. Box 830, 9798 Iaculis Rd.
Hilary L. Newton;ultrices.mauris.ipsum@laoreetposuere.ca;29/05/1983;04/03/2021;8630300;62 48 763 0126;Ap #815-6044 Lorem, Avenue
Ulla I. Jarvis;dui@IncondimentumDonec.org;22/03/1989;14/08/2020;9712500;62 93 373 0750;P.O. Box 141, 9518 Vestibulum. Avenue
Rhona S. Walter;Duis@fermentumconvallis.edu;12/02/1977;14/10/2020;9625900;62 48 943 9822;8190 Nunc Street
Deborah P. Gamble;dapibus@vehicula.net;30/05/1992;30/05/2020;0;62 91 815 7359;3007 Sed Avenue
Chester P. Sykes;ultrices@cursus.net;05/08/2013;17/04/2020;2537900;62 67 957 8354;Ap #901-1274 Pellentesque St.
Felix E. Talley;Class.aptent@dui.co.uk;14/04/2006;19/12/2020;0;62 73 918 5077;Ap #682-4980 Metus. Rd.
Lois G. Clay;auctor.Mauris@Nuncullamcorpervelit.ca;08/09/2010;25/02/2020;4263600;62 94 957 3639;770-8793 Pharetra. Road
Deacon O. Sparks;neque.venenatis@Utsemper.com;14/07/1985;04/02/2021;5344500;62 11 287 5443;223-6630 Odio. Rd.
Ignatius L. Lucas;pharetra.felis@Fuscedolor.org;19/12/2019;21/07/2020;7916200;62 52 650 9188;955-2615 Nascetur Road
Marvin T. Cross;mattis@dolorsitamet.edu;25/07/2003;25/02/2021;1342700;62 42 915 8764;P.O. Box 673, 5477 Integer Rd.
Seth A. Mcdowell;magnis@infelis.net;17/07/1999;11/12/2020;2248500;62 35 430 6436;780-8939 Dolor Avenue
Iris S. Velazquez;eleifend@pharetra.ca;27/12/1998;23/10/2019;0;62 33 286 0106;P.O. Box 334, 3388 Semper Street
Yoshi X. Levy;Morbi@ullamcorpernisl.edu;14/11/1984;29/03/2021;738900;62 67 579 0178;P.O. Box 984, 4862 Aliquam St.
Hedley Z. Gibson;suscipit.est.ac@orci.ca;12/01/1988;14/04/2020;3462700;62 28 976 7762;833-1159 Tristique Road
Sigourney F. Huff;sit@turpisvitaepurus.ca;30/10/2017;17/01/2021;8022600;62 35 014 8538;P.O. Box 417, 1563 Sed Avenue
Michelle L. Branch;semper@lectusconvallis.org;07/06/2004;06/09/2020;9951200;62 20 252 0078;Ap #205-6626 Elit, Street
Odessa X. Melton;Cras.eget.nisi@et.ca;05/12/1999;22/03/2020;8757800;62 32 853 4413;5223 Nunc Ave
Anastasia K. Bennett;tincidunt.aliquam.arcu@gravidasagittis.org;24/11/2009;23/01/2021;4822900;62 74 184 4333;P.O. Box 982, 7194 Iaculis, Avenue
Hall P. Brewer;facilisi.Sed@dictum.co.uk;24/11/1991;28/03/2021;0;62 52 140 9094;Ap #572-4172 Egestas Ave
Daniel P. Chaney;Aenean@magnaDuisdignissim.com;02/07/2009;08/12/2020;8552200;62 30 894 2470;7221 Tristique Street
Beatrice B. Barker;Nunc.mauris.elit@feugiat.org;13/12/1990;09/04/2020;0;62 52 552 9750;9505 Etiam Rd.
Leah H. Lewis;nisl.sem.consequat@milacinia.org;13/05/2005;24/08/2020;6165200;62 88 937 6813;P.O. Box 589, 5872 Aliquam Av.
Olympia B. Miller;amet@velitQuisque.net;06/02/2008;12/10/2020;7542800;62 54 165 1316;229-9465 Risus. Rd.
Basia U. Livingston;Duis.cursus@iaculis.co.uk;28/02/1996;03/11/2019;9986400;62 89 152 5632;P.O. Box 987, 6770 Imperdiet, St.
Shad L. Stewart;Nullam@Vestibulumuteros.edu;25/09/2008;28/03/2021;0;62 79 692 8821;3562 Dolor. St.
Leroy X. Fisher;elementum.dui@Suspendissetristiqueneque.ca;10/08/2006;24/04/2021;6113800;62 69 792 3214;4652 Quam St.
Breanna E. Sanford;molestie.tellus.Aenean@mifelisadipiscing.org;12/10/1977;11/03/2021;9436200;62 87 072 4822;Ap #814-9672 Elit. Rd.
Malik J. Ross;lobortis.risus@CuraeDonec.co.uk;14/05/2002;14/11/2020;8420800;62 96 826 8942;825-8704 Donec Road
